class_id,dir
0,R5/images/yd012_R5_1_train.png
0,R5/images/yd012_R5_2_train.png
0,R5/images/yd012_R5_3_train.png
0,R5/images/yd012_R5_4_train.png
1,R5/images/yd015_R5_1_train.png
1,R5/images/yd015_R5_2_train.png
1,R5/images/yd015_R5_3_train.png
1,R5/images/yd015_R5_4_train.png
2,R5/images/yd022_R5_1_train.png
2,R5/images/yd022_R5_2_train.png
2,R5/images/yd022_R5_3_train.png
2,R5/images/yd022_R5_4_train.png
3,R5/images/yd024_R5_1_train.png
3,R5/images/yd024_R5_2_train.png
3,R5/images/yd024_R5_3_train.png
3,R5/images/yd024_R5_4_train.png
4,R5/images/yd030_R5_1_train.png
4,R5/images/yd030_R5_2_train.png
4,R5/images/yd030_R5_3_train.png
4,R5/images/yd030_R5_4_train.png
5,R5/images/yd031_R5_1_train.png
5,R5/images/yd031_R5_2_train.png
5,R5/images/yd031_R5_3_train.png
5,R5/images/yd031_R5_4_train.png
6,R5/images/yd042_R5_1_train.png
6,R5/images/yd042_R5_2_train.png
6,R5/images/yd042_R5_3_train.png
6,R5/images/yd042_R5_4_train.png
7,R5/images/yd054_R5_1_train.png
7,R5/images/yd054_R5_2_train.png
7,R5/images/yd054_R5_3_train.png
7,R5/images/yd054_R5_4_train.png
8,R5/images/yd061_R5_1_train.png
8,R5/images/yd061_R5_2_train.png
8,R5/images/yd061_R5_3_train.png
8,R5/images/yd061_R5_4_train.png
9,R5/images/yd064_R5_1_train.png
9,R5/images/yd064_R5_2_train.png
9,R5/images/yd064_R5_3_train.png
9,R5/images/yd064_R5_4_train.png
10,R5/images/yd080_R5_1_train.png
10,R5/images/yd080_R5_2_train.png
10,R5/images/yd080_R5_3_train.png
10,R5/images/yd080_R5_4_train.png
11,R5/images/yd081_R5_1_train.png
11,R5/images/yd081_R5_2_train.png
11,R5/images/yd081_R5_3_train.png
11,R5/images/yd081_R5_4_train.png
12,R5/images/yd125_R5_1_train.png
12,R5/images/yd125_R5_2_train.png
12,R5/images/yd125_R5_3_train.png
12,R5/images/yd125_R5_4_train.png
13,R5/images/yd141_R5_1_train.png
13,R5/images/yd141_R5_2_train.png
13,R5/images/yd141_R5_3_train.png
13,R5/images/yd141_R5_4_train.png
14,R5/images/yd142_R5_1_train.png
14,R5/images/yd142_R5_2_train.png
14,R5/images/yd142_R5_3_train.png
14,R5/images/yd142_R5_4_train.png
15,R5/images/yd143_R5_1_train.png
15,R5/images/yd143_R5_2_train.png
15,R5/images/yd143_R5_3_train.png
15,R5/images/yd143_R5_4_train.png
16,R5/images/yd144_R5_1_train.png
16,R5/images/yd144_R5_2_train.png
16,R5/images/yd144_R5_3_train.png
16,R5/images/yd144_R5_4_train.png
17,R5/images/yd145_R5_1_train.png
17,R5/images/yd145_R5_2_train.png
17,R5/images/yd145_R5_3_train.png
17,R5/images/yd145_R5_4_train.png
18,R5/images/yd147_R5_1_train.png
18,R5/images/yd147_R5_2_train.png
18,R5/images/yd147_R5_3_train.png
18,R5/images/yd147_R5_4_train.png
19,R5/images/yd149_R5_1_train.png
19,R5/images/yd149_R5_2_train.png
19,R5/images/yd149_R5_3_train.png
19,R5/images/yd149_R5_4_train.png
20,R5/images/yd150_R5_1_train.png
20,R5/images/yd150_R5_2_train.png
20,R5/images/yd150_R5_3_train.png
20,R5/images/yd150_R5_4_train.png
21,R5/images/yd151_R5_1_train.png
21,R5/images/yd151_R5_2_train.png
21,R5/images/yd151_R5_3_train.png
21,R5/images/yd151_R5_4_train.png
22,R5/images/yd152_R5_1_train.png
22,R5/images/yd152_R5_2_train.png
22,R5/images/yd152_R5_3_train.png
22,R5/images/yd152_R5_4_train.png
23,R5/images/yd153_R5_1_train.png
23,R5/images/yd153_R5_2_train.png
23,R5/images/yd153_R5_3_train.png
23,R5/images/yd153_R5_4_train.png
24,R5/images/yd154_R5_1_train.png
24,R5/images/yd154_R5_2_train.png
24,R5/images/yd154_R5_3_train.png
24,R5/images/yd154_R5_4_train.png
25,R5/images/yd155_R5_1_train.png
25,R5/images/yd155_R5_2_train.png
25,R5/images/yd155_R5_3_train.png
25,R5/images/yd155_R5_4_train.png
26,R5/images/yd156_R5_1_train.png
26,R5/images/yd156_R5_2_train.png
26,R5/images/yd156_R5_3_train.png
26,R5/images/yd156_R5_4_train.png
27,R5/images/yd157_R5_1_train.png
27,R5/images/yd157_R5_2_train.png
27,R5/images/yd157_R5_3_train.png
27,R5/images/yd157_R5_4_train.png
28,R5/images/yd163_R5_1_train.png
28,R5/images/yd163_R5_2_train.png
28,R5/images/yd163_R5_3_train.png
28,R5/images/yd163_R5_4_train.png
29,R5/images/yd167_R5_1_train.png
29,R5/images/yd167_R5_2_train.png
29,R5/images/yd167_R5_3_train.png
29,R5/images/yd167_R5_4_train.png
30,R5/images/yd178_R5_1_train.png
30,R5/images/yd178_R5_2_train.png
30,R5/images/yd178_R5_3_train.png
30,R5/images/yd178_R5_4_train.png
31,R5/images/yd181_R5_1_train.png
31,R5/images/yd181_R5_2_train.png
31,R5/images/yd181_R5_3_train.png
31,R5/images/yd181_R5_4_train.png
32,R5/images/yd185_R5_1_train.png
32,R5/images/yd185_R5_2_train.png
32,R5/images/yd185_R5_3_train.png
32,R5/images/yd185_R5_4_train.png
33,R5/images/yd186_R5_1_train.png
33,R5/images/yd186_R5_2_train.png
33,R5/images/yd186_R5_3_train.png
33,R5/images/yd186_R5_4_train.png
34,R5/images/yd197_R5_1_train.png
34,R5/images/yd197_R5_2_train.png
34,R5/images/yd197_R5_3_train.png
34,R5/images/yd197_R5_4_train.png
35,R5/images/yd198_R5_1_train.png
35,R5/images/yd198_R5_2_train.png
35,R5/images/yd198_R5_3_train.png
35,R5/images/yd198_R5_4_train.png
36,R5/images/yd200_R5_1_train.png
36,R5/images/yd200_R5_2_train.png
36,R5/images/yd200_R5_3_train.png
36,R5/images/yd200_R5_4_train.png
37,R5/images/yd206_R5_1_train.png
37,R5/images/yd206_R5_2_train.png
37,R5/images/yd206_R5_3_train.png
37,R5/images/yd206_R5_4_train.png
38,R5/images/yd228_R5_1_train.png
38,R5/images/yd228_R5_2_train.png
38,R5/images/yd228_R5_3_train.png
38,R5/images/yd228_R5_4_train.png
39,R5/images/yd233_R5_1_train.png
39,R5/images/yd233_R5_2_train.png
39,R5/images/yd233_R5_3_train.png
39,R5/images/yd233_R5_4_train.png
40,R5/images/yd249_R5_1_train.png
40,R5/images/yd249_R5_2_train.png
40,R5/images/yd249_R5_3_train.png
40,R5/images/yd249_R5_4_train.png
41,R5/images/yd251_R5_1_train.png
41,R5/images/yd251_R5_2_train.png
41,R5/images/yd251_R5_3_train.png
41,R5/images/yd251_R5_4_train.png
42,R5/images/yd252_R5_1_train.png
42,R5/images/yd252_R5_2_train.png
42,R5/images/yd252_R5_3_train.png
42,R5/images/yd252_R5_4_train.png
43,R5/images/yd254_R5_1_train.png
43,R5/images/yd254_R5_2_train.png
43,R5/images/yd254_R5_3_train.png
43,R5/images/yd254_R5_4_train.png
44,R5/images/yd258_R5_1_train.png
44,R5/images/yd258_R5_2_train.png
44,R5/images/yd258_R5_3_train.png
44,R5/images/yd258_R5_4_train.png
45,R5/images/yd285_R5_1_train.png
45,R5/images/yd285_R5_2_train.png
45,R5/images/yd285_R5_3_train.png
45,R5/images/yd285_R5_4_train.png
46,R5/images/yd291_R5_1_train.png
46,R5/images/yd291_R5_2_train.png
46,R5/images/yd291_R5_3_train.png
46,R5/images/yd291_R5_4_train.png
47,R5/images/yd294_R5_1_train.png
47,R5/images/yd294_R5_2_train.png
47,R5/images/yd294_R5_3_train.png
47,R5/images/yd294_R5_4_train.png
48,R5/images/yd299_R5_1_train.png
48,R5/images/yd299_R5_2_train.png
48,R5/images/yd299_R5_3_train.png
48,R5/images/yd299_R5_4_train.png
49,R5/images/yd300_R5_1_train.png
49,R5/images/yd300_R5_2_train.png
49,R5/images/yd300_R5_3_train.png
49,R5/images/yd300_R5_4_train.png
50,R5/images/yd301_R5_1_train.png
50,R5/images/yd301_R5_2_train.png
50,R5/images/yd301_R5_3_train.png
50,R5/images/yd301_R5_4_train.png
51,R5/images/yd302_R5_1_train.png
51,R5/images/yd302_R5_2_train.png
51,R5/images/yd302_R5_3_train.png
51,R5/images/yd302_R5_4_train.png
52,R5/images/yd317_R5_1_train.png
52,R5/images/yd317_R5_2_train.png
52,R5/images/yd317_R5_3_train.png
52,R5/images/yd317_R5_4_train.png
53,R5/images/yd320_R5_1_train.png
53,R5/images/yd320_R5_2_train.png
53,R5/images/yd320_R5_3_train.png
53,R5/images/yd320_R5_4_train.png
54,R5/images/yd329_R5_1_train.png
54,R5/images/yd329_R5_2_train.png
54,R5/images/yd329_R5_3_train.png
54,R5/images/yd329_R5_4_train.png
55,R5/images/yd334_R5_1_train.png
55,R5/images/yd334_R5_2_train.png
55,R5/images/yd334_R5_3_train.png
55,R5/images/yd334_R5_4_train.png
56,R5/images/yd335_R5_1_train.png
56,R5/images/yd335_R5_2_train.png
56,R5/images/yd335_R5_3_train.png
56,R5/images/yd335_R5_4_train.png
57,R5/images/yd346_R5_1_train.png
57,R5/images/yd346_R5_2_train.png
57,R5/images/yd346_R5_3_train.png
57,R5/images/yd346_R5_4_train.png
58,R5/images/yd350_R5_1_train.png
58,R5/images/yd350_R5_2_train.png
58,R5/images/yd350_R5_3_train.png
58,R5/images/yd350_R5_4_train.png
59,R5/images/yd354_R5_1_train.png
59,R5/images/yd354_R5_2_train.png
59,R5/images/yd354_R5_3_train.png
59,R5/images/yd354_R5_4_train.png
60,R5/images/yd365_R5_1_train.png
60,R5/images/yd365_R5_2_train.png
60,R5/images/yd365_R5_3_train.png
60,R5/images/yd365_R5_4_train.png
61,R5/images/yd366_R5_1_train.png
61,R5/images/yd366_R5_2_train.png
61,R5/images/yd366_R5_3_train.png
61,R5/images/yd366_R5_4_train.png
62,R5/images/yd370_R5_1_train.png
62,R5/images/yd370_R5_2_train.png
62,R5/images/yd370_R5_3_train.png
62,R5/images/yd370_R5_4_train.png
63,R5/images/yd374_R5_1_train.png
63,R5/images/yd374_R5_2_train.png
63,R5/images/yd374_R5_3_train.png
63,R5/images/yd374_R5_4_train.png
64,R5/images/yd375_R5_1_train.png
64,R5/images/yd375_R5_2_train.png
64,R5/images/yd375_R5_3_train.png
64,R5/images/yd375_R5_4_train.png
65,R5/images/yd382_R5_1_train.png
65,R5/images/yd382_R5_2_train.png
65,R5/images/yd382_R5_3_train.png
65,R5/images/yd382_R5_4_train.png
66,R5/images/yd384_R5_1_train.png
66,R5/images/yd384_R5_2_train.png
66,R5/images/yd384_R5_3_train.png
66,R5/images/yd384_R5_4_train.png
67,R5/images/yd385_R5_1_train.png
67,R5/images/yd385_R5_2_train.png
67,R5/images/yd385_R5_3_train.png
67,R5/images/yd385_R5_4_train.png
68,R5/images/yd386_R5_1_train.png
68,R5/images/yd386_R5_2_train.png
68,R5/images/yd386_R5_3_train.png
68,R5/images/yd386_R5_4_train.png
69,R5/images/yd393_R5_1_train.png
69,R5/images/yd393_R5_2_train.png
69,R5/images/yd393_R5_3_train.png
69,R5/images/yd393_R5_4_train.png
70,R5/images/yd394_R5_1_train.png
70,R5/images/yd394_R5_2_train.png
70,R5/images/yd394_R5_3_train.png
70,R5/images/yd394_R5_4_train.png
71,R5/images/yd395_R5_1_train.png
71,R5/images/yd395_R5_2_train.png
71,R5/images/yd395_R5_3_train.png
71,R5/images/yd395_R5_4_train.png
72,R5/images/yd397_R5_1_train.png
72,R5/images/yd397_R5_2_train.png
72,R5/images/yd397_R5_3_train.png
72,R5/images/yd397_R5_4_train.png
73,R5/images/yd398_R5_1_train.png
73,R5/images/yd398_R5_2_train.png
73,R5/images/yd398_R5_3_train.png
73,R5/images/yd398_R5_4_train.png
74,R5/images/yd399_R5_1_train.png
74,R5/images/yd399_R5_2_train.png
74,R5/images/yd399_R5_3_train.png
74,R5/images/yd399_R5_4_train.png
75,R5/images/yd403_R5_1_train.png
75,R5/images/yd403_R5_2_train.png
75,R5/images/yd403_R5_3_train.png
75,R5/images/yd403_R5_4_train.png
76,R5/images/yd404_R5_1_train.png
76,R5/images/yd404_R5_2_train.png
76,R5/images/yd404_R5_3_train.png
76,R5/images/yd404_R5_4_train.png
77,R5/images/yd407_R5_1_train.png
77,R5/images/yd407_R5_2_train.png
77,R5/images/yd407_R5_3_train.png
77,R5/images/yd407_R5_4_train.png
78,R5/images/yd409_R5_1_train.png
78,R5/images/yd409_R5_2_train.png
78,R5/images/yd409_R5_3_train.png
78,R5/images/yd409_R5_4_train.png
79,R5/images/yd415_R5_1_train.png
79,R5/images/yd415_R5_2_train.png
79,R5/images/yd415_R5_3_train.png
79,R5/images/yd415_R5_4_train.png
80,R5/images/yd416_R5_1_train.png
80,R5/images/yd416_R5_2_train.png
80,R5/images/yd416_R5_3_train.png
80,R5/images/yd416_R5_4_train.png
81,R5/images/yd419_R5_1_train.png
81,R5/images/yd419_R5_2_train.png
81,R5/images/yd419_R5_3_train.png
81,R5/images/yd419_R5_4_train.png
82,R5/images/yd420_R5_1_train.png
82,R5/images/yd420_R5_2_train.png
82,R5/images/yd420_R5_3_train.png
82,R5/images/yd420_R5_4_train.png
83,R5/images/yd421_R5_1_train.png
83,R5/images/yd421_R5_2_train.png
83,R5/images/yd421_R5_3_train.png
83,R5/images/yd421_R5_4_train.png
84,R5/images/yd422_R5_1_train.png
84,R5/images/yd422_R5_2_train.png
84,R5/images/yd422_R5_3_train.png
84,R5/images/yd422_R5_4_train.png
85,R5/images/yd423_R5_1_train.png
85,R5/images/yd423_R5_2_train.png
85,R5/images/yd423_R5_3_train.png
85,R5/images/yd423_R5_4_train.png
86,R5/images/yd424_R5_1_train.png
86,R5/images/yd424_R5_2_train.png
86,R5/images/yd424_R5_3_train.png
86,R5/images/yd424_R5_4_train.png
87,R5/images/yd425_R5_1_train.png
87,R5/images/yd425_R5_2_train.png
87,R5/images/yd425_R5_3_train.png
87,R5/images/yd425_R5_4_train.png
88,R5/images/yd433_R5_1_train.png
88,R5/images/yd433_R5_2_train.png
88,R5/images/yd433_R5_3_train.png
88,R5/images/yd433_R5_4_train.png
89,R5/images/yd441_R5_1_train.png
89,R5/images/yd441_R5_2_train.png
89,R5/images/yd441_R5_3_train.png
89,R5/images/yd441_R5_4_train.png
90,R5/images/yd445_R5_1_train.png
90,R5/images/yd445_R5_2_train.png
90,R5/images/yd445_R5_3_train.png
90,R5/images/yd445_R5_4_train.png
91,R5/images/yd448_R5_1_train.png
91,R5/images/yd448_R5_2_train.png
91,R5/images/yd448_R5_3_train.png
91,R5/images/yd448_R5_4_train.png
92,R5/images/yd450_R5_1_train.png
92,R5/images/yd450_R5_2_train.png
92,R5/images/yd450_R5_3_train.png
92,R5/images/yd450_R5_4_train.png
93,R5/images/yd451_R5_1_train.png
93,R5/images/yd451_R5_2_train.png
93,R5/images/yd451_R5_3_train.png
93,R5/images/yd451_R5_4_train.png
94,R5/images/yd452_R5_1_train.png
94,R5/images/yd452_R5_2_train.png
94,R5/images/yd452_R5_3_train.png
94,R5/images/yd452_R5_4_train.png
95,R5/images/yd453_R5_1_train.png
95,R5/images/yd453_R5_2_train.png
95,R5/images/yd453_R5_3_train.png
95,R5/images/yd453_R5_4_train.png
96,R5/images/yd454_R5_1_train.png
96,R5/images/yd454_R5_2_train.png
96,R5/images/yd454_R5_3_train.png
96,R5/images/yd454_R5_4_train.png
97,R5/images/yd461_R5_1_train.png
97,R5/images/yd461_R5_2_train.png
97,R5/images/yd461_R5_3_train.png
97,R5/images/yd461_R5_4_train.png
98,R5/images/yd462_R5_1_train.png
98,R5/images/yd462_R5_2_train.png
98,R5/images/yd462_R5_3_train.png
98,R5/images/yd462_R5_4_train.png
99,R5/images/yd467_R5_1_train.png
99,R5/images/yd467_R5_2_train.png
99,R5/images/yd467_R5_3_train.png
99,R5/images/yd467_R5_4_train.png
100,R5/images/yd498_R5_1_train.png
100,R5/images/yd498_R5_2_train.png
100,R5/images/yd498_R5_3_train.png
100,R5/images/yd498_R5_4_train.png
101,R5/images/yd501_R5_1_train.png
101,R5/images/yd501_R5_2_train.png
101,R5/images/yd501_R5_3_train.png
101,R5/images/yd501_R5_4_train.png
102,R5/images/yd502_R5_1_train.png
102,R5/images/yd502_R5_2_train.png
102,R5/images/yd502_R5_3_train.png
102,R5/images/yd502_R5_4_train.png
103,R5/images/yd507_R5_1_train.png
103,R5/images/yd507_R5_2_train.png
103,R5/images/yd507_R5_3_train.png
103,R5/images/yd507_R5_4_train.png
104,R5/images/yd508_R5_1_train.png
104,R5/images/yd508_R5_2_train.png
104,R5/images/yd508_R5_3_train.png
104,R5/images/yd508_R5_4_train.png
105,R5/images/yd510_R5_1_train.png
105,R5/images/yd510_R5_2_train.png
105,R5/images/yd510_R5_3_train.png
105,R5/images/yd510_R5_4_train.png
106,R5/images/yd511_R5_1_train.png
106,R5/images/yd511_R5_2_train.png
106,R5/images/yd511_R5_3_train.png
106,R5/images/yd511_R5_4_train.png
107,R5/images/yd514_R5_1_train.png
107,R5/images/yd514_R5_2_train.png
107,R5/images/yd514_R5_3_train.png
107,R5/images/yd514_R5_4_train.png
108,R5/images/yd521_R5_1_train.png
108,R5/images/yd521_R5_2_train.png
108,R5/images/yd521_R5_3_train.png
108,R5/images/yd521_R5_4_train.png
109,R5/images/yd525_R5_1_train.png
109,R5/images/yd525_R5_2_train.png
109,R5/images/yd525_R5_3_train.png
109,R5/images/yd525_R5_4_train.png
110,R5/images/yd563_R5_1_train.png
110,R5/images/yd563_R5_2_train.png
110,R5/images/yd563_R5_3_train.png
110,R5/images/yd563_R5_4_train.png
111,R5/images/yd601_R5_1_train.png
111,R5/images/yd601_R5_2_train.png
111,R5/images/yd601_R5_3_train.png
111,R5/images/yd601_R5_4_train.png
112,R5/images/yd602_R5_1_train.png
112,R5/images/yd602_R5_2_train.png
112,R5/images/yd602_R5_3_train.png
112,R5/images/yd602_R5_4_train.png
113,R5/images/yd607_R5_1_train.png
113,R5/images/yd607_R5_2_train.png
113,R5/images/yd607_R5_3_train.png
113,R5/images/yd607_R5_4_train.png
114,R5/images/yd608_R5_1_train.png
114,R5/images/yd608_R5_2_train.png
114,R5/images/yd608_R5_3_train.png
114,R5/images/yd608_R5_4_train.png
115,R5/images/yd609_R5_1_train.png
115,R5/images/yd609_R5_2_train.png
115,R5/images/yd609_R5_3_train.png
115,R5/images/yd609_R5_4_train.png
116,R5/images/yd610_R5_1_train.png
116,R5/images/yd610_R5_2_train.png
116,R5/images/yd610_R5_3_train.png
116,R5/images/yd610_R5_4_train.png
117,R5/images/yd611_R5_1_train.png
117,R5/images/yd611_R5_2_train.png
117,R5/images/yd611_R5_3_train.png
117,R5/images/yd611_R5_4_train.png
118,R5/images/yd612_R5_1_train.png
118,R5/images/yd612_R5_2_train.png
118,R5/images/yd612_R5_3_train.png
118,R5/images/yd612_R5_4_train.png
119,R5/images/yd613_R5_1_train.png
119,R5/images/yd613_R5_2_train.png
119,R5/images/yd613_R5_3_train.png
119,R5/images/yd613_R5_4_train.png
120,R5/images/yd615_R5_1_train.png
120,R5/images/yd615_R5_2_train.png
120,R5/images/yd615_R5_3_train.png
120,R5/images/yd615_R5_4_train.png
121,R5/images/yd616_R5_1_train.png
121,R5/images/yd616_R5_2_train.png
121,R5/images/yd616_R5_3_train.png
121,R5/images/yd616_R5_4_train.png
122,R5/images/yd617_R5_1_train.png
122,R5/images/yd617_R5_2_train.png
122,R5/images/yd617_R5_3_train.png
122,R5/images/yd617_R5_4_train.png
123,R5/images/yd619_R5_1_train.png
123,R5/images/yd619_R5_2_train.png
123,R5/images/yd619_R5_3_train.png
123,R5/images/yd619_R5_4_train.png
124,R5/images/yd620_R5_1_train.png
124,R5/images/yd620_R5_2_train.png
124,R5/images/yd620_R5_3_train.png
124,R5/images/yd620_R5_4_train.png
125,R5/images/yd623_R5_1_train.png
125,R5/images/yd623_R5_2_train.png
125,R5/images/yd623_R5_3_train.png
125,R5/images/yd623_R5_4_train.png
126,R5/images/yd626_R5_1_train.png
126,R5/images/yd626_R5_2_train.png
126,R5/images/yd626_R5_3_train.png
126,R5/images/yd626_R5_4_train.png
127,R5/images/yd635_R5_1_train.png
127,R5/images/yd635_R5_2_train.png
127,R5/images/yd635_R5_3_train.png
127,R5/images/yd635_R5_4_train.png
128,R5/images/yd639_R5_1_train.png
128,R5/images/yd639_R5_2_train.png
128,R5/images/yd639_R5_3_train.png
128,R5/images/yd639_R5_4_train.png
129,R5/images/yd640_R5_1_train.png
129,R5/images/yd640_R5_2_train.png
129,R5/images/yd640_R5_3_train.png
129,R5/images/yd640_R5_4_train.png
130,R5/images/yd646_R5_1_train.png
130,R5/images/yd646_R5_2_train.png
130,R5/images/yd646_R5_3_train.png
130,R5/images/yd646_R5_4_train.png
131,R5/images/yd655_R5_1_train.png
131,R5/images/yd655_R5_2_train.png
131,R5/images/yd655_R5_3_train.png
131,R5/images/yd655_R5_4_train.png
132,R5/images/yd659_R5_1_train.png
132,R5/images/yd659_R5_2_train.png
132,R5/images/yd659_R5_3_train.png
132,R5/images/yd659_R5_4_train.png
133,R5/images/yd660_R5_1_train.png
133,R5/images/yd660_R5_2_train.png
133,R5/images/yd660_R5_3_train.png
133,R5/images/yd660_R5_4_train.png
134,R5/images/yd661_R5_1_train.png
134,R5/images/yd661_R5_2_train.png
134,R5/images/yd661_R5_3_train.png
134,R5/images/yd661_R5_4_train.png
135,R5/images/yd732_R5_1_train.png
135,R5/images/yd732_R5_2_train.png
135,R5/images/yd732_R5_3_train.png
135,R5/images/yd732_R5_4_train.png
136,R5/images/yd733_R5_1_train.png
136,R5/images/yd733_R5_2_train.png
136,R5/images/yd733_R5_3_train.png
136,R5/images/yd733_R5_4_train.png
137,R5/images/yd734_R5_1_train.png
137,R5/images/yd734_R5_2_train.png
137,R5/images/yd734_R5_3_train.png
137,R5/images/yd734_R5_4_train.png
138,R5/images/yd735_R5_1_train.png
138,R5/images/yd735_R5_2_train.png
138,R5/images/yd735_R5_3_train.png
138,R5/images/yd735_R5_4_train.png
139,R5/images/yd736_R5_1_train.png
139,R5/images/yd736_R5_2_train.png
139,R5/images/yd736_R5_3_train.png
139,R5/images/yd736_R5_4_train.png
140,R5/images/yd737_R5_1_train.png
140,R5/images/yd737_R5_2_train.png
140,R5/images/yd737_R5_3_train.png
140,R5/images/yd737_R5_4_train.png
141,R5/images/yd750_R5_1_train.png
141,R5/images/yd750_R5_2_train.png
141,R5/images/yd750_R5_3_train.png
141,R5/images/yd750_R5_4_train.png
142,R5/images/yd751_R5_1_train.png
142,R5/images/yd751_R5_2_train.png
142,R5/images/yd751_R5_3_train.png
142,R5/images/yd751_R5_4_train.png
143,R5/images/yd752_R5_1_train.png
143,R5/images/yd752_R5_2_train.png
143,R5/images/yd752_R5_3_train.png
143,R5/images/yd752_R5_4_train.png
144,R5/images/yd762_R5_1_train.png
144,R5/images/yd762_R5_2_train.png
144,R5/images/yd762_R5_3_train.png
144,R5/images/yd762_R5_4_train.png
145,R5/images/yd763_R5_1_train.png
145,R5/images/yd763_R5_2_train.png
145,R5/images/yd763_R5_3_train.png
145,R5/images/yd763_R5_4_train.png
146,R5/images/yd764_R5_1_train.png
146,R5/images/yd764_R5_2_train.png
146,R5/images/yd764_R5_3_train.png
146,R5/images/yd764_R5_4_train.png
147,R5/images/yd765_R5_1_train.png
147,R5/images/yd765_R5_2_train.png
147,R5/images/yd765_R5_3_train.png
147,R5/images/yd765_R5_4_train.png
148,R5/images/yd766_R5_1_train.png
148,R5/images/yd766_R5_2_train.png
148,R5/images/yd766_R5_3_train.png
148,R5/images/yd766_R5_4_train.png
149,R5/images/yd767_R5_1_train.png
149,R5/images/yd767_R5_2_train.png
149,R5/images/yd767_R5_3_train.png
149,R5/images/yd767_R5_4_train.png
150,R5/images/yd768_R5_1_train.png
150,R5/images/yd768_R5_2_train.png
150,R5/images/yd768_R5_3_train.png
150,R5/images/yd768_R5_4_train.png
151,R5/images/yd769_R5_1_train.png
151,R5/images/yd769_R5_2_train.png
151,R5/images/yd769_R5_3_train.png
151,R5/images/yd769_R5_4_train.png
152,R5/images/yd770_R5_1_train.png
152,R5/images/yd770_R5_2_train.png
152,R5/images/yd770_R5_3_train.png
152,R5/images/yd770_R5_4_train.png
153,R5/images/yd771_R5_1_train.png
153,R5/images/yd771_R5_2_train.png
153,R5/images/yd771_R5_3_train.png
153,R5/images/yd771_R5_4_train.png
154,R5/images/yd779_R5_1_train.png
154,R5/images/yd779_R5_2_train.png
154,R5/images/yd779_R5_3_train.png
154,R5/images/yd779_R5_4_train.png
155,R5/images/yd780_R5_1_train.png
155,R5/images/yd780_R5_2_train.png
155,R5/images/yd780_R5_3_train.png
155,R5/images/yd780_R5_4_train.png
156,R5/images/yd781_R5_1_train.png
156,R5/images/yd781_R5_2_train.png
156,R5/images/yd781_R5_3_train.png
156,R5/images/yd781_R5_4_train.png
157,R5/images/yd782_R5_1_train.png
157,R5/images/yd782_R5_2_train.png
157,R5/images/yd782_R5_3_train.png
157,R5/images/yd782_R5_4_train.png
158,R5/images/yd783_R5_1_train.png
158,R5/images/yd783_R5_2_train.png
158,R5/images/yd783_R5_3_train.png
158,R5/images/yd783_R5_4_train.png
159,R5/images/yd790_R5_1_train.png
159,R5/images/yd790_R5_2_train.png
159,R5/images/yd790_R5_3_train.png
159,R5/images/yd790_R5_4_train.png
160,R5/images/yd791_R5_1_train.png
160,R5/images/yd791_R5_2_train.png
160,R5/images/yd791_R5_3_train.png
160,R5/images/yd791_R5_4_train.png
161,R5/images/yd792_R5_1_train.png
161,R5/images/yd792_R5_2_train.png
161,R5/images/yd792_R5_3_train.png
161,R5/images/yd792_R5_4_train.png
162,R5/images/yd799_R5_1_train.png
162,R5/images/yd799_R5_2_train.png
162,R5/images/yd799_R5_3_train.png
162,R5/images/yd799_R5_4_train.png
163,R5/images/yd800_R5_1_train.png
163,R5/images/yd800_R5_2_train.png
163,R5/images/yd800_R5_3_train.png
163,R5/images/yd800_R5_4_train.png
164,R5/images/yd801_R5_1_train.png
164,R5/images/yd801_R5_2_train.png
164,R5/images/yd801_R5_3_train.png
164,R5/images/yd801_R5_4_train.png
165,R5/images/yd802_R5_1_train.png
165,R5/images/yd802_R5_2_train.png
165,R5/images/yd802_R5_3_train.png
165,R5/images/yd802_R5_4_train.png
166,R5/images/yd803_R5_1_train.png
166,R5/images/yd803_R5_2_train.png
166,R5/images/yd803_R5_3_train.png
166,R5/images/yd803_R5_4_train.png
167,R5/images/yd804_R5_1_train.png
167,R5/images/yd804_R5_2_train.png
167,R5/images/yd804_R5_3_train.png
167,R5/images/yd804_R5_4_train.png
168,R5/images/yd805_R5_1_train.png
168,R5/images/yd805_R5_2_train.png
168,R5/images/yd805_R5_3_train.png
168,R5/images/yd805_R5_4_train.png
169,R5/images/yd806_R5_1_train.png
169,R5/images/yd806_R5_2_train.png
169,R5/images/yd806_R5_3_train.png
169,R5/images/yd806_R5_4_train.png
170,R5/images/yd807_R5_1_train.png
170,R5/images/yd807_R5_2_train.png
170,R5/images/yd807_R5_3_train.png
170,R5/images/yd807_R5_4_train.png
171,R5/images/yd809_R5_1_train.png
171,R5/images/yd809_R5_2_train.png
171,R5/images/yd809_R5_3_train.png
171,R5/images/yd809_R5_4_train.png
172,R5/images/yd810_R5_1_train.png
172,R5/images/yd810_R5_2_train.png
172,R5/images/yd810_R5_3_train.png
172,R5/images/yd810_R5_4_train.png
173,R5/images/yd811_R5_1_train.png
173,R5/images/yd811_R5_2_train.png
173,R5/images/yd811_R5_3_train.png
173,R5/images/yd811_R5_4_train.png
174,R5/images/yd812_R5_1_train.png
174,R5/images/yd812_R5_2_train.png
174,R5/images/yd812_R5_3_train.png
174,R5/images/yd812_R5_4_train.png
175,R5/images/yd813_R5_1_train.png
175,R5/images/yd813_R5_2_train.png
175,R5/images/yd813_R5_3_train.png
175,R5/images/yd813_R5_4_train.png
176,R5/images/yd814_R5_1_train.png
176,R5/images/yd814_R5_2_train.png
176,R5/images/yd814_R5_3_train.png
176,R5/images/yd814_R5_4_train.png
177,R5/images/yd817_R5_1_train.png
177,R5/images/yd817_R5_2_train.png
177,R5/images/yd817_R5_3_train.png
177,R5/images/yd817_R5_4_train.png
178,R5/images/yd818_R5_1_train.png
178,R5/images/yd818_R5_2_train.png
178,R5/images/yd818_R5_3_train.png
178,R5/images/yd818_R5_4_train.png
179,R5/images/yd819_R5_1_train.png
179,R5/images/yd819_R5_2_train.png
179,R5/images/yd819_R5_3_train.png
179,R5/images/yd819_R5_4_train.png
180,R5/images/yd823_R5_1_train.png
180,R5/images/yd823_R5_2_train.png
180,R5/images/yd823_R5_3_train.png
180,R5/images/yd823_R5_4_train.png
181,R5/images/yd824_R5_1_train.png
181,R5/images/yd824_R5_2_train.png
181,R5/images/yd824_R5_3_train.png
181,R5/images/yd824_R5_4_train.png
182,R5/images/yd825_R5_1_train.png
182,R5/images/yd825_R5_2_train.png
182,R5/images/yd825_R5_3_train.png
182,R5/images/yd825_R5_4_train.png
183,R5/images/yd831_R5_1_train.png
183,R5/images/yd831_R5_2_train.png
183,R5/images/yd831_R5_3_train.png
183,R5/images/yd831_R5_4_train.png
184,R5/images/yd832_R5_1_train.png
184,R5/images/yd832_R5_2_train.png
184,R5/images/yd832_R5_3_train.png
184,R5/images/yd832_R5_4_train.png
185,R5/images/yd837_R5_1_train.png
185,R5/images/yd837_R5_2_train.png
185,R5/images/yd837_R5_3_train.png
185,R5/images/yd837_R5_4_train.png
186,R5/images/yd839_R5_1_train.png
186,R5/images/yd839_R5_2_train.png
186,R5/images/yd839_R5_3_train.png
186,R5/images/yd839_R5_4_train.png
187,R5/images/yd840_R5_1_train.png
187,R5/images/yd840_R5_2_train.png
187,R5/images/yd840_R5_3_train.png
187,R5/images/yd840_R5_4_train.png
188,R5/images/yd841_R5_1_train.png
188,R5/images/yd841_R5_2_train.png
188,R5/images/yd841_R5_3_train.png
188,R5/images/yd841_R5_4_train.png
189,R5/images/yd842_R5_1_train.png
189,R5/images/yd842_R5_2_train.png
189,R5/images/yd842_R5_3_train.png
189,R5/images/yd842_R5_4_train.png
190,R5/images/yd845_R5_1_train.png
190,R5/images/yd845_R5_2_train.png
190,R5/images/yd845_R5_3_train.png
190,R5/images/yd845_R5_4_train.png
191,R5/images/yd846_R5_1_train.png
191,R5/images/yd846_R5_2_train.png
191,R5/images/yd846_R5_3_train.png
191,R5/images/yd846_R5_4_train.png
192,R5/images/yd847_R5_1_train.png
192,R5/images/yd847_R5_2_train.png
192,R5/images/yd847_R5_3_train.png
192,R5/images/yd847_R5_4_train.png
193,R5/images/yd848_R5_1_train.png
193,R5/images/yd848_R5_2_train.png
193,R5/images/yd848_R5_3_train.png
193,R5/images/yd848_R5_4_train.png
194,R5/images/yd869_R5_1_train.png
194,R5/images/yd869_R5_2_train.png
194,R5/images/yd869_R5_3_train.png
194,R5/images/yd869_R5_4_train.png
195,R5/images/yd875_R5_1_train.png
195,R5/images/yd875_R5_2_train.png
195,R5/images/yd875_R5_3_train.png
195,R5/images/yd875_R5_4_train.png
196,R5/images/yd876_R5_1_train.png
196,R5/images/yd876_R5_2_train.png
196,R5/images/yd876_R5_3_train.png
196,R5/images/yd876_R5_4_train.png
197,R5/images/yd879_R5_1_train.png
197,R5/images/yd879_R5_2_train.png
197,R5/images/yd879_R5_3_train.png
197,R5/images/yd879_R5_4_train.png
